max_missing	maf
0.00001	0.00001
0.00001	0.01
0.00001	0.025
0.00001	0.05
0.60	0.00001
0.60	0.01
0.60	0.025
0.60	0.05
0.70	0.00001
0.70	0.01
0.70	0.025
0.70	0.05
0.80	0.00001
0.80	0.01
0.80	0.025
0.80	0.05
0.90	0.00001
0.90	0.01
0.90	0.025
0.90	0.05
0.95	0.00001
0.95	0.01
0.95	0.025
0.95	0.05
1	0.00001
1	0.01
1	0.025
1	0.05